dataset,model,ws,n_ahead,n_var,mae,mape,training_time
ws15_fh1_var1,TKAN,15,1,1,1.7487745046756835,5.67903172491533,70.2358053445816
ws15_fh1_var3,TKAN,15,1,3,1.71799863029281,5.339378671582609,68.16481876373291
ws30_fh1_var1,TKAN,30,1,1,1.6071991235589007,5.093737606790909,137.22548115253448
ws30_fh1_var3,TKAN,30,1,3,1.7968535811869235,5.7035894391696145,136.3499247789383
ws7_fh1_var1,TKAN,7,1,1,1.7501517763270027,5.586333941214238,43.77508523464203
ws7_fh1_var3,TKAN,7,1,3,1.723229038573545,5.430663323593505,43.53039784431458
