dataset,model,ws,n_ahead,n_var,mae,mape,training_time
ws15_fh7_var1,TKAN,15,7,1,3.865399302273695,12.353147124622087,68.84026229381561
ws15_fh7_var3,TKAN,15,7,3,4.029528440081865,12.805353810847814,65.87074525356293
ws30_fh7_var1,TKAN,30,7,1,3.9241884928901114,12.403805481100703,124.36846506595612
ws30_fh7_var3,TKAN,30,7,3,4.045938606743683,12.704738396551296,129.70146889686583
ws7_fh7_var1,TKAN,7,7,1,4.3983803333574425,14.380508540963993,37.08948085308075
ws7_fh7_var3,TKAN,7,7,3,4.387371621588826,13.731635746760649,38.19445126056671
