dataset,model,ws,n_ahead,n_var,mae,mape,training_time
ws15_fh3_var1,TKAN,15,3,1,2.892780140277008,9.470442398872155,67.75919933319092
ws15_fh3_var3,TKAN,15,3,3,2.7063942616866763,8.787063357515056,67.0234397649765
ws30_fh3_var1,TKAN,30,3,1,2.4537632204450226,7.834395017451572,130.69380373954772
ws30_fh3_var3,TKAN,30,3,3,2.6475349759989903,8.594521977787515,126.3264057636261
ws7_fh3_var1,TKAN,7,3,1,2.777583247333327,9.06287147665842,41.99100160598755
ws7_fh3_var3,TKAN,7,3,3,2.719133362081064,8.74618025194796,39.643634700775145
